Year_of_release,great,excellent,exceptional,avg_episodes
2003,0,1,0,54.0
2006,1,0,0,81.0
2007,1,0,0,17.0
2009,0,1,0,62.0
2010,0,1,0,60.0
2011,3,1,0,22.0
2012,5,2,0,18.714285714285715
2013,5,6,0,32.36363636363637
2014,3,4,0,16.428571428571427
2015,6,2,1,20.444444444444443
2016,4,8,1,19.846153846153847
2017,9,17,1,20.51851851851852
2018,13,9,2,20.25
2019,20,16,1,20.16216216216216
2020,14,17,4,17.285714285714285
2021,13,22,4,13.666666666666666
2022,15,14,3,13.625
